Record_Type,Controlled_ID,Title,Statement,Parent_IDs,Owner_Role,Priority,Configuration_Rule,Readiness_State,Validation_Method,Expected_Result,Traceability_Targets,Assumptions,Status,Notes,Exercise_Boundary
NEED,NEED-001,Consistent intake and visible status,The fictional requester needs one consistent intake path and a visible modeled status record.,NOT_APPLICABLE,Requester,High,NOT_APPLICABLE,ApprovedForExercise,Trace to requirements and synthetic UAT,Requirements cover intake and material status communication.,REQ-001;REQ-006,Four-role model is sufficient.,ApprovedForExercise,No real discovery interview occurred.,SYNTHETIC_EXERCISE_ONLY; NO_REAL_IMPLEMENTATION_OR_OUTCOME; NOT_PUBLICLY_APPROVED
NEED,NEED-002,Two-stage completeness and clarification,The fictional process needs an explicit Stage-A minimum submission gate and a separate Stage-B post-submission completeness review with recalculation after clarification.,NOT_APPLICABLE,Request Coordinator,High,NOT_APPLICABLE,ApprovedForExercise,Trace to both intake requirements and synthetic UAT,Missing Stage-A minimum content stays Draft; insufficient Stage-B detail enters ClarificationRequested and is recalculated after resubmission.,REQ-001;REQ-002,Minimum and conditional completeness details are explicitly defined in the exercise.,ApprovedForExercise,Defines the distinct Stage-A gate and Stage-B completeness business need.,SYNTHETIC_EXERCISE_ONLY; NO_REAL_IMPLEMENTATION_OR_OUTCOME; NOT_PUBLICLY_APPROVED
NEED,NEED-003,Deterministic routing and ownership,"Category, priority, and accountable ownership need documented rules.",NOT_APPLICABLE,Request Coordinator,High,NOT_APPLICABLE,ApprovedForExercise,Trace to requirements and synthetic UAT,The same inputs follow the same precedence and category route; coordinator fallback is visible until one accountable Fulfiller is assigned.,REQ-003;REQ-004,A single Fulfiller can own the modeled work.,ApprovedForExercise,"Defines repeatable classification, routing, and accountable-ownership behavior.",SYNTHETIC_EXERCISE_ONLY; NO_REAL_IMPLEMENTATION_OR_OUTCOME; NOT_PUBLICLY_APPROVED
NEED,NEED-004,Controlled fulfillment and escalation,"Modeled work needs allowed transitions, blocker details, and escalation/status evidence.",NOT_APPLICABLE,Fulfiller,High,NOT_APPLICABLE,ApprovedForExercise,Trace to requirements and synthetic UAT,Transitions and blocker communication are controlled.,REQ-004;REQ-005;REQ-006,Relative update labels are sufficient.,ApprovedForExercise,No live notification is sent.,SYNTHETIC_EXERCISE_ONLY; NO_REAL_IMPLEMENTATION_OR_OUTCOME; NOT_PUBLICLY_APPROVED
NEED,NEED-005,Requester validation before closure,The modeled requester needs to accept or return the outcome before closure.,NOT_APPLICABLE,Requester,High,NOT_APPLICABLE,ApprovedForExercise,Trace to closure requirement and synthetic UAT,Closure cannot bypass explicit synthetic validation.,REQ-007,Requester decision is recorded in the exercise.,ApprovedForExercise,No real user acceptance occurred.,SYNTHETIC_EXERCISE_ONLY; NO_REAL_IMPLEMENTATION_OR_OUTCOME; NOT_PUBLICLY_APPROVED
NEED,NEED-006,Support-ready closure and handoff,Closure needs reusable resolution context and a clear support owner.,NOT_APPLICABLE,Support Analyst,Medium,NOT_APPLICABLE,ApprovedForExercise,Trace to handoff requirement and synthetic UAT,Support reference and ownership context remain available.,REQ-008,Static documentation is sufficient for the exercise.,ApprovedForExercise,No real support operation exists.,SYNTHETIC_EXERCISE_ONLY; NO_REAL_IMPLEMENTATION_OR_OUTCOME; NOT_PUBLICLY_APPROVED
REQ,REQ-001,Stage-A minimum submission gate,"Require request summary, category, business impact, requested outcome, and requester role before Draft can move to Submitted.",NEED-001;NEED-002,Requester,High,Stage A minimum gate: request summary; category; business impact; requested outcome; requester role,ReadyForSyntheticUAT,UAT-001,"If any minimum field is absent, the request remains Draft, direct submission is rejected, and ClarificationRequested is not used; all five present permits Submitted.",ACC-001;ACC-002;UAT-001,The five fields contain fictional non-PII content.,VerifiedInSyntheticUAT,"Configuration rule is a field, not a new controlled ID.",SYNTHETIC_EXERCISE_ONLY; NO_REAL_IMPLEMENTATION_OR_OUTCOME; NOT_PUBLICLY_APPROVED
REQ,REQ-002,Stage-B completeness review and clarification,"After Submitted, the Request Coordinator checks urgency, requested-by relative window, category-specific detail, and routing or fulfillment context; insufficient detail enters ClarificationRequested and every resubmission recalculates completeness.",NEED-002,Request Coordinator,High,Stage B completeness: urgency; requested-by relative window; category-specific detail; supporting context or constraints,ReadyAfterBoundedCorrection,UAT-002 and passing retest,Insufficient conditional detail moves Submitted to ClarificationRequested; supplied detail is recalculated and can return ClarificationRequested to Submitted without a stale result.,ACC-003;UAT-002;DEF-001,Stage-A minimum content is already present before Stage-B review.,VerifiedAfterRetest,Bounded configuration and guidance correction only.,SYNTHETIC_EXERCISE_ONLY; NO_REAL_IMPLEMENTATION_OR_OUTCOME; NOT_PUBLICLY_APPROVED
REQ,REQ-003,Category and priority rules,"Apply the exact four category-to-route mappings and evaluate Critical, High, Medium, then Low in fixed order so the first satisfied level controls.",NEED-003,Request Coordinator,High,"Category routes: Access or permission->Access/Permissions; Application or workflow issue->Application/Workflow; Data or reporting request->Data/Reporting; General service request->General Service. Priority precedence: Evaluate Critical, then High, then Medium, then Low; the first satisfied level controls. Critical=fully blocked, no workaround, immediate action; High=multiple users or time-sensitive commitment materially affected, or one requester fully blocked without workaround; Medium=workaround available or near-term requested-by window; Low=informational, routine, minor enhancement, or no near-term impact.",ReadyForSyntheticUAT,UAT-003,"The representative Data or reporting request is not Critical or High, first satisfies Medium, and repeatedly routes to Data/Reporting.",ACC-004;UAT-003,Priority precedence and all four category routes are frozen and platform-neutral.,VerifiedInSyntheticUAT,No platform configuration is claimed.,SYNTHETIC_EXERCISE_ONLY; NO_REAL_IMPLEMENTATION_OR_OUTCOME; NOT_PUBLICLY_APPROVED
REQ,REQ-004,Single accountable Fulfiller,"Until a matching Fulfiller is available, the request remains Submitted and the Request Coordinator retains coordination. Once assigned, exactly one Fulfiller is accountable. Reassignment requires a reason and leaves exactly one current accountable Fulfiller.",NEED-003;NEED-004,Request Coordinator,High,"Assignment lifecycle: Until a matching Fulfiller is available, the request remains Submitted and the Request Coordinator retains coordination. Once assigned, exactly one Fulfiller is accountable. Reassignment requires a reason and leaves exactly one current accountable Fulfiller.",ReadyForSyntheticUAT,UAT-004,"With no matching skill, state remains Submitted and the coordinator retains coordination; assignment and every reasoned reassignment leave exactly one current accountable Fulfiller.",ACC-005;UAT-004,A fictional matching Fulfiller becomes available during the modeled path.,VerifiedInSyntheticUAT,Collaboration does not create a fifth role.,SYNTHETIC_EXERCISE_ONLY; NO_REAL_IMPLEMENTATION_OR_OUTCOME; NOT_PUBLICLY_APPROVED
REQ,REQ-005,Allowed transitions and blocker details,"Enforce allowed state transitions and require blocker owner, reason, next action, and next-update label.",NEED-004,Fulfiller,High,State-transition and blocker matrix,ReadyForSyntheticUAT,UAT-005,Invalid transitions are rejected and blocker metadata is complete.,ACC-006;UAT-005,Eight states cover the bounded lifecycle.,VerifiedInSyntheticUAT,No real workflow engine exists.,SYNTHETIC_EXERCISE_ONLY; NO_REAL_IMPLEMENTATION_OR_OUTCOME; NOT_PUBLICLY_APPROVED
REQ,REQ-006,Status and escalation record,"Require a complete simulated communication record for clarification, Blocked, owner change, material completion-window change, AwaitingRequesterValidation, and closure.",NEED-001;NEED-004,Request Coordinator,Medium,Communication triggers: clarification; Blocked; accountable owner change; material completion-window change; AwaitingRequesterValidation; closure. Fields: audience; reason; accountable owner; next action; relative next-update label,ReadyForSyntheticUAT,UAT-006,"All six modeled triggers retain audience, reason, accountable owner, next action, and relative next-update label; nothing is sent.",ACC-007;UAT-006,A static record is sufficient.,VerifiedInSyntheticUAT,No email or message is transmitted.,SYNTHETIC_EXERCISE_ONLY; NO_REAL_IMPLEMENTATION_OR_OUTCOME; NOT_PUBLICLY_APPROVED
REQ,REQ-007,Requester validation and closure gate,Require explicit synthetic requester validation before closure; rejection returns the request to InProgress.,NEED-005,Requester,High,Requester-validation closure gate,ReadyAfterBoundedCorrection,UAT-007 and passing retest,AwaitingRequesterValidation precedes Closed; rejection returns to work.,ACC-008;ACC-009;UAT-007;DEF-002,The decision is fictional and recorded locally.,VerifiedAfterRetest,No real UAT or acceptance occurred.,SYNTHETIC_EXERCISE_ONLY; NO_REAL_IMPLEMENTATION_OR_OUTCOME; NOT_PUBLICLY_APPROVED
REQ,REQ-008,Support-reference handoff,"Before closure retain requester decision, resolution summary, accountable owner, category, support reference, and relevant handoff note.",NEED-006,Support Analyst,Medium,Closure and handoff fields: requester decision; resolution summary; accountable owner; category; support reference; relevant handoff note,ReadyForSyntheticUAT,UAT-008,The modeled closed request exposes all six retained closure and handoff fields.,ACC-010;UAT-008,Static documentation represents the handoff.,VerifiedInSyntheticUAT,No real service desk or ownership transfer.,SYNTHETIC_EXERCISE_ONLY; NO_REAL_IMPLEMENTATION_OR_OUTCOME; NOT_PUBLICLY_APPROVED
ACC,ACC-001,Stage-A minimum-field guard,"If any of the five Stage-A minimum fields is absent, direct submission is rejected, the request remains Draft, and it does not enter ClarificationRequested.",REQ-001,Requester,High,Stage A minimum gate: request summary; category; business impact; requested outcome; requester role,Satisfied,UAT-001,An input missing any minimum field remains Draft with a rejected direct submission.,UAT-001,Required fields are predefined.,Satisfied,Negative Stage-A rejection path is evidenced in UAT-001.,SYNTHETIC_EXERCISE_ONLY; NO_REAL_IMPLEMENTATION_OR_OUTCOME; NOT_PUBLICLY_APPROVED
ACC,ACC-002,Stage-A submission state and reference,"When all five Stage-A minimum fields are present, the request enters Submitted and a synthetic non-PII reference is present.",REQ-001,Request Coordinator,High,Stage A minimum gate: request summary; category; business impact; requested outcome; requester role,Satisfied,UAT-001,State is Submitted and a fictional non-PII reference is present.,UAT-001,Reference contains no PII.,Satisfied,Complete Stage-A submission and synthetic reference are evidenced in UAT-001.,SYNTHETIC_EXERCISE_ONLY; NO_REAL_IMPLEMENTATION_OR_OUTCOME; NOT_PUBLICLY_APPROVED
ACC,ACC-003,Stage-B clarification and recalculation,"A Submitted request with insufficient conditional detail enters ClarificationRequested; after the Requester supplies the missing detail, completeness is recalculated and the request can return to Submitted.",REQ-002,Request Coordinator,High,Stage B completeness: urgency; requested-by relative window; category-specific detail; supporting context or constraints,SatisfiedAfterRetest,UAT-002,Reporting-period and exception-filter details are recalculated on resubmission; the stale ClarificationRequested result is not reused.,UAT-002;DEF-001,All Stage-A minimum fields remain present.,SatisfiedAfterRetest,Initial fail resolved by bounded correction.,SYNTHETIC_EXERCISE_ONLY; NO_REAL_IMPLEMENTATION_OR_OUTCOME; NOT_PUBLICLY_APPROVED
ACC,ACC-004,Deterministic category priority and route,Apply all four exact category routes and fixed Critical-to-Low precedence twice to the representative request.,REQ-003,Request Coordinator,High,"Category routes: Access or permission->Access/Permissions; Application or workflow issue->Application/Workflow; Data or reporting request->Data/Reporting; General service request->General Service. Priority precedence: Evaluate Critical, then High, then Medium, then Low; the first satisfied level controls.",Satisfied,UAT-003,"Critical=No, High=No, Medium=Yes; Medium is the first satisfied level and both evaluations route to Data/Reporting.",UAT-003,The same fictional inputs are reused for both evaluations.,Satisfied,"Priority judgment, route mapping, and repeatability are evidenced in UAT-003.",SYNTHETIC_EXERCISE_ONLY; NO_REAL_IMPLEMENTATION_OR_OUTCOME; NOT_PUBLICLY_APPROVED
ACC,ACC-005,Accountable owner and reassignment,"Until a matching Fulfiller is available, the request remains Submitted and the Request Coordinator retains coordination. Once assigned, exactly one Fulfiller is accountable. Reassignment requires a reason and leaves exactly one current accountable Fulfiller.",REQ-004,Request Coordinator,High,"Assignment lifecycle: Until a matching Fulfiller is available, the request remains Submitted and the Request Coordinator retains coordination. Once assigned, exactly one Fulfiller is accountable. Reassignment requires a reason and leaves exactly one current accountable Fulfiller.",Satisfied,UAT-004,"No-match fallback, matching assignment, and reasoned reassignment each produce the expected state and ownership count.",UAT-004,The no-match and reassignment conditions are synthetic.,Satisfied,"Coordinator fallback, skill match, and reasoned reassignment are evidenced in UAT-004.",SYNTHETIC_EXERCISE_ONLY; NO_REAL_IMPLEMENTATION_OR_OUTCOME; NOT_PUBLICLY_APPROVED
ACC,ACC-006,Transition and blocker controls,"Invalid transitions are rejected; blockers require owner, reason, next action, and next-update label.",REQ-005,Fulfiller,High,State-transition and blocker matrix,Satisfied,UAT-005,Only allowed transitions proceed and blocker metadata is complete.,UAT-005,Eight-state model is sufficient.,Satisfied,Valid-path transition and complete Blocked metadata are evidenced in UAT-005.,SYNTHETIC_EXERCISE_ONLY; NO_REAL_IMPLEMENTATION_OR_OUTCOME; NOT_PUBLICLY_APPROVED
ACC,ACC-007,Complete simulated communication record,"Each clarification, Blocked, owner-change, window-change, validation-entry, or closure trigger has a static communication record containing audience, reason, accountable owner, next action, and relative next-update label; nothing is sent.",REQ-006,Request Coordinator,Medium,Communication triggers and five required fields in the scenario brief,Satisfied,UAT-006,"ClarificationRequested, Blocked, owner change, window change, AwaitingRequesterValidation, and closure each retain all five fields; nothing is sent.",UAT-006,No transmission is required or allowed.,Satisfied,All six triggers and all five fields are evidenced in UAT-006.,SYNTHETIC_EXERCISE_ONLY; NO_REAL_IMPLEMENTATION_OR_OUTCOME; NOT_PUBLICLY_APPROVED
ACC,ACC-008,Validation state before closure,Modeled fulfillment enters AwaitingRequesterValidation rather than Closed.,REQ-007,Requester,High,Requester-validation closure gate,SatisfiedAfterRetest,UAT-007,Closure remains blocked without a decision.,UAT-007;DEF-002,Requester decision is fictional.,SatisfiedAfterRetest,Initial fail resolved by bounded correction.,SYNTHETIC_EXERCISE_ONLY; NO_REAL_IMPLEMENTATION_OR_OUTCOME; NOT_PUBLICLY_APPROVED
ACC,ACC-009,Accept or return for rework,Synthetic rejection returns the request to InProgress; acceptance permits Closed.,REQ-007,Requester,High,Requester-validation closure gate,SatisfiedAfterRetest,UAT-007,Both decision paths follow the allowed transition.,UAT-007;DEF-002,Decision is recorded locally.,SatisfiedAfterRetest,"Requester rejection, rework, renewed validation, acceptance, and closure are evidenced in UAT-007.",SYNTHETIC_EXERCISE_ONLY; NO_REAL_IMPLEMENTATION_OR_OUTCOME; NOT_PUBLICLY_APPROVED
ACC,ACC-010,Support context retained,"Closure retains requester decision, resolution summary, accountable owner, category, support reference, and relevant handoff note.",REQ-008,Support Analyst,Medium,Closure and handoff fields: requester decision; resolution summary; accountable owner; category; support reference; relevant handoff note,Satisfied,UAT-008,"Requester decision=Accepted and the exact modeled outcome, owner, category, support reference, and handoff note remain visible.",UAT-008,Static evidence is sufficient.,Satisfied,All six retained closure and handoff fields are evidenced in UAT-008.,SYNTHETIC_EXERCISE_ONLY; NO_REAL_IMPLEMENTATION_OR_OUTCOME; NOT_PUBLICLY_APPROVED
